convocatoria,tipo_acceso,oep_origen,plazas_oep,plazas_cubiertas,plazas_vacantes
2024,Ingreso Libre,2021,235,235,0
2024,Ingreso Libre,2022,280,175,105
2024,Ingreso Libre,2023,280,0,280
2024,Ingreso Libre,2024,200,0,200
2024,Promoción Interna,2021,200,162,38
2024,Promoción Interna,2022,200,0,200
2024,Promoción Interna,2023,200,0,200
2024,Promoción Interna,2024,200,0,200
2022,Ingreso Libre,2020,280,280,0
2022,Ingreso Libre,2021,280,36,244
2022,Ingreso Libre,2022,280,0,280
2022,Promoción Interna,2020,200,143,57
2022,Promoción Interna,2021,200,0,200
2022,Promoción Interna,2022,200,0,200
